Denv1,Denv2,Denv3,Denv4
0.000122003424657534,0.000109311456549657,0.0,0